Open Time,Open,High,Low,Close,Volume,Close Time,Quote Asset Volume,Number of Trades,Taker Buy Base Asset Volume,Taker Buy Quote Asset Volume,Ignore
2025-12-01 00:00:00,90360.01000000,90417.00000000,90268.77000000,90305.55000000,101.74361000,1764547379999,9189464.48266010,15781,20.93566000,1891098.23731040,0
2025-12-01 00:03:00,90305.55000000,90305.55000000,89510.00000000,89596.94000000,637.28255000,1764547559999,57252991.31152370,60368,214.66451000,19269978.24202110,0
2025-12-01 00:06:00,89596.94000000,89640.00000000,88965.00000000,89112.00000000,383.15718000,1764547739999,34220172.51948110,60003,149.99435000,13396781.13550050,0
2025-12-01 00:09:00,89112.00000000,89308.59000000,88901.00000000,89240.01000000,231.24762000,1764547919999,20603349.53621330,48110,129.79305000,11566122.68329410,0
2025-12-01 00:12:00,89240.01000000,89276.00000000,88874.72000000,88920.00000000,151.29666000,1764548099999,13467766.73857730,41075,68.29836000,6079597.85844890,0
2025-12-01 00:15:00,88920.00000000,89097.61000000,88712.40000000,88798.29000000,194.36615000,1764548279999,17276007.53122460,38206,77.69340000,6908885.02344790,0
2025-12-01 00:18:00,88798.28000000,88908.00000000,88626.04000000,88712.01000000,164.39424000,1764548459999,14586914.87851960,39307,79.21107000,7028921.84622460,0
2025-12-01 00:21:00,88712.00000000,88712.01000000,88432.77000000,88432.77000000,263.27796000,1764548639999,23312681.32561660,38571,86.50515000,7659689.17905530,0
2025-12-01 00:24:00,88432.77000000,88679.81000000,88409.78000000,88481.13000000,124.20410000,1764548819999,10995696.15966240,28466,60.88140000,5389809.36048000,0
2025-12-01 00:27:00,88481.12000000,88481.12000000,88350.36000000,88375.56000000,150.48531000,1764548999999,13302688.30952420,21382,57.22524000,5058304.83058940,0
2025-12-01 00:30:00,88375.55000000,88440.00000000,88044.17000000,88083.84000000,261.07240000,1764549179999,23020654.86131550,42738,89.98467000,7934492.40386080,0
2025-12-01 00:33:00,88083.49000000,88083.50000000,87637.71000000,87803.55000000,358.97483000,1764549359999,31550702.60450480,52389,136.02719000,11954244.42781610,0
2025-12-01 00:36:00,87803.55000000,88083.87000000,87703.40000000,87714.29000000,241.66972000,1764549539999,21251242.61561830,37986,163.48859000,14378084.05351750,0
2025-12-01 00:39:00,87714.28000000,88171.10000000,87687.07000000,88143.62000000,113.26034000,1764549719999,9954979.85383780,29870,61.90793000,5441134.78244710,0
2025-12-01 00:42:00,88143.63000000,88194.00000000,87698.01000000,87735.34000000,193.02168000,1764549899999,16964572.17197680,23737,109.80717000,9653238.35303400,0
2025-12-01 00:45:00,87737.65000000,87775.51000000,87440.00000000,87569.00000000,232.18722000,1764550079999,20334119.59274710,30596,56.30957000,4932212.36600670,0
2025-12-01 00:48:00,87568.99000000,87596.60000000,87417.00000000,87458.00000000,190.10711000,1764550259999,16628653.69695200,27762,65.73129000,5749713.15965610,0
2025-12-01 00:51:00,87457.99000000,87499.98000000,87183.33000000,87216.23000000,213.11424000,1764550439999,18606253.21687600,36581,85.15007000,7435487.66993620,0
2025-12-01 00:54:00,87216.23000000,87216.23000000,86959.99000000,87061.55000000,245.44407000,1764550619999,21369803.41582980,36363,78.19655000,6809112.61069090,0
2025-12-01 00:57:00,87061.55000000,87300.00000000,86999.99000000,87000.00000000,157.14827000,1764550799999,13691437.97603060,32778,90.15086000,7854241.21005800,0
2025-12-01 01:00:00,87000.00000000,87443.90000000,86941.40000000,87420.00000000,220.40667000,1764550979999,19216067.24864680,40409,145.26538000,12666146.25844910,0
2025-12-01 01:03:00,87420.01000000,87580.00000000,87358.40000000,87407.01000000,162.16166000,1764551159999,14181660.29037490,25460,104.27009000,9119418.10529150,0
2025-12-01 01:06:00,87407.01000000,87644.52000000,87275.57000000,87644.51000000,166.01714000,1764551339999,14517385.96403960,27949,106.97592000,9357025.95687410,0
2025-12-01 01:09:00,87644.52000000,87697.95000000,87200.67000000,87357.73000000,81.37402000,1764551519999,7112490.21880110,22507,45.25865000,3956506.52007790,0
2025-12-01 01:12:00,87357.73000000,87562.48000000,87316.14000000,87411.81000000,72.42863000,1764551699999,6333138.10348590,16663,43.93115000,3841262.42686620,0
2025-12-01 01:15:00,87411.81000000,87728.37000000,87400.00000000,87650.04000000,109.66745000,1764551879999,9607725.28505220,21223,68.15259000,5971953.78233540,0
2025-12-01 01:18:00,87650.03000000,87749.99000000,87382.97000000,87425.86000000,94.86601000,1764552059999,8308795.19400930,18880,32.08118000,2810187.86117860,0
2025-12-01 01:21:00,87425.86000000,87562.23000000,87393.89000000,87491.17000000,48.77504000,1764552239999,4267977.50315010,17595,34.87388000,3051644.85942450,0
2025-12-01 01:24:00,87491.17000000,87527.97000000,87240.66000000,87350.00000000,106.83391000,1764552419999,9329648.55481390,22407,28.34885000,2475824.22854710,0
2025-12-01 01:27:00,87349.99000000,87414.60000000,87268.11000000,87268.11000000,59.85360000,1764552599999,5227765.55381470,13319,22.96696000,2006256.00254630,0
2025-12-01 01:30:00,87268.10000000,87387.79000000,87178.00000000,87344.39000000,71.53295000,1764552779999,6243149.64054440,20640,37.31847000,3257187.81105940,0
2025-12-01 01:33:00,87344.39000000,87471.40000000,87336.52000000,87471.39000000,49.22392000,1764552959999,4302240.69121810,16727,34.94008000,3053504.60602600,0
2025-12-01 01:36:00,87471.40000000,87603.00000000,87449.98000000,87449.98000000,30.70215000,1764553139999,2687332.11391880,15598,16.17961000,1416211.55391540,0
2025-12-01 01:39:00,87449.98000000,87513.63000000,87322.00000000,87513.63000000,57.76743000,1764553319999,5050688.25753280,13334,34.31054000,2999191.08749960,0
2025-12-01 01:42:00,87513.62000000,87550.00000000,87420.58000000,87431.94000000,43.80544000,1764553499999,3832796.33204880,11633,17.16397000,1501657.94531070,0
2025-12-01 01:45:00,87431.94000000,87472.68000000,87330.00000000,87449.99000000,35.09371000,1764553679999,3067106.58387260,13874,16.48017000,1440373.44032810,0
2025-12-01 01:48:00,87450.00000000,87461.37000000,87305.60000000,87337.14000000,39.84776000,1764553859999,3482115.87032420,12114,13.64755000,1192606.53104590,0
2025-12-01 01:51:00,87337.15000000,87353.94000000,87239.16000000,87245.81000000,40.14448000,1764554039999,3504202.57331460,10483,14.80246000,1291941.23249610,0
2025-12-01 01:54:00,87245.81000000,87340.12000000,87188.80000000,87312.80000000,64.16817000,1764554219999,5599205.93418040,13997,33.36345000,2911482.35373080,0
2025-12-01 01:57:00,87312.79000000,87362.26000000,87152.23000000,87168.91000000,33.37082000,1764554399999,2911884.61322500,13982,15.08535000,1316700.71001060,0
2025-12-01 02:00:00,87168.90000000,87190.22000000,87069.33000000,87157.79000000,183.36318000,1764554579999,15972880.00103830,16182,56.85737000,4952913.52241520,0
2025-12-01 02:03:00,87157.78000000,87422.99000000,87147.29000000,87377.02000000,110.66680000,1764554759999,9661105.55742890,22296,60.41299000,5273941.32384530,0
2025-12-01 02:06:00,87377.01000000,87397.66000000,87200.00000000,87263.98000000,68.65158000,1764554939999,5991950.75919000,14297,39.51332000,3448682.97918880,0
2025-12-01 02:09:00,87263.98000000,87337.99000000,87201.23000000,87337.98000000,44.69150000,1764555119999,3900630.32931490,11475,27.02355000,2358335.63840140,0
2025-12-01 02:12:00,87337.98000000,87500.00000000,87337.98000000,87400.01000000,95.29386000,1764555299999,8333668.06121170,9474,70.32713000,6149981.70193920,0
2025-12-01 02:15:00,87400.01000000,87461.36000000,87298.90000000,87298.90000000,37.56707000,1764555479999,3281561.34664430,10981,16.54318000,1445149.48893860,0
2025-12-01 02:18:00,87298.90000000,87330.00000000,87201.49000000,87201.49000000,32.81781000,1764555659999,2864403.01757110,9192,13.25371000,1156834.08168510,0
2025-12-01 02:21:00,87201.49000000,87283.73000000,87171.01000000,87189.70000000,77.32154000,1764555839999,6743370.39847610,11272,25.60205000,2232827.05166170,0
2025-12-01 02:24:00,87191.28000000,87200.00000000,87106.01000000,87117.23000000,76.65861000,1764556019999,6680743.37202570,10803,26.81896000,2337332.05345430,0
2025-12-01 02:27:00,87117.24000000,87185.56000000,87087.30000000,87088.25000000,33.98637000,1764556199999,2961722.51917010,8538,12.52946000,1091916.00253610,0
2025-12-01 02:30:00,87088.24000000,87126.09000000,87050.00000000,87075.23000000,142.76571000,1764556379999,12432477.11489610,14369,26.32287000,2292232.79890370,0
2025-12-01 02:33:00,87075.23000000,87152.00000000,86985.96000000,87066.02000000,128.90297000,1764556559999,11224002.91410600,15276,29.50248000,2569281.35426180,0
2025-12-01 02:36:00,87066.02000000,87107.34000000,86600.00000000,86633.09000000,294.24546000,1764556739999,25547733.98441570,29633,84.71744000,7352237.54090830,0
2025-12-01 02:39:00,86633.08000000,86924.70000000,86580.00000000,86901.61000000,217.02023000,1764556919999,18826713.74244980,26856,129.69765000,11250724.06182030,0
2025-12-01 02:42:00,86901.60000000,86947.34000000,86810.05000000,86819.53000000,81.01799000,1764557099999,7040413.63389470,13358,31.45221000,2733172.20133140,0
2025-12-01 02:45:00,86819.53000000,86842.00000000,86580.00000000,86600.94000000,98.48748000,1764557279999,8536730.33477630,21147,28.06597000,2432334.33149570,0
2025-12-01 02:48:00,86600.94000000,86645.96000000,86474.34000000,86568.30000000,134.27490000,1764557459999,11619499.52032440,18988,51.96334000,4496357.41132080,0
2025-12-01 02:51:00,86568.30000000,86656.71000000,86500.00000000,86624.01000000,68.50715000,1764557639999,5931737.69940550,16403,43.24442000,3744642.82986920,0
2025-12-01 02:54:00,86624.00000000,86829.29000000,86596.35000000,86744.01000000,89.83858000,1764557819999,7792923.38965940,14442,48.71377000,4224551.45386690,0
2025-12-01 02:57:00,86744.01000000,86795.94000000,86720.70000000,86722.29000000,36.11909000,1764557999999,3133169.32271220,11714,17.48684000,1516850.12508060,0
2025-12-01 03:00:00,86722.30000000,86790.63000000,86605.32000000,86631.36000000,133.91999000,1764558179999,11611681.71553530,17595,19.57614000,1697105.00389790,0
2025-12-01 03:03:00,86631.36000000,86800.00000000,86631.36000000,86780.00000000,99.96719000,1764558359999,8674068.77730160,17009,61.69831000,5353491.44379970,0
2025-12-01 03:06:00,86780.00000000,86780.00000000,86480.00000000,86499.07000000,127.34440000,1764558539999,11023719.67091240,21844,42.29725000,3660446.46450730,0
2025-12-01 03:09:00,86499.07000000,86499.07000000,86380.08000000,86498.51000000,126.79474000,1764558719999,10962217.76985170,17958,30.69024000,2653269.44058910,0
2025-12-01 03:12:00,86498.51000000,86527.35000000,86398.02000000,86398.02000000,60.10167000,1764558899999,5196218.38529390,13596,26.12054000,2258137.62638980,0
2025-12-01 03:15:00,86398.02000000,86471.99000000,86315.79000000,86369.40000000,66.38300000,1764559079999,5735650.70198000,19244,20.77448000,1794812.99232590,0
2025-12-01 03:18:00,86369.40000000,86613.82000000,86360.17000000,86434.71000000,68.96871000,1764559259999,5965158.42103620,20233,31.47406000,2721759.61420540,0
2025-12-01 03:21:00,86434.71000000,86568.00000000,86428.00000000,86483.91000000,53.94669000,1764559439999,4666762.24015160,17453,23.33845000,2018826.40830900,0
2025-12-01 03:24:00,86483.92000000,86542.81000000,86392.10000000,86414.68000000,52.47420000,1764559619999,4537109.17148620,14880,15.27594000,1320653.60239160,0
2025-12-01 03:27:00,86414.69000000,86480.00000000,86358.91000000,86381.97000000,116.76960000,1764559799999,10090495.30576830,18644,39.07521000,3376611.24090890,0
2025-12-01 03:30:00,86381.97000000,86408.00000000,86246.81000000,86319.64000000,227.77286000,1764559979999,19657270.90699440,18914,27.97539000,2414309.70702060,0
2025-12-01 03:33:00,86319.63000000,86369.75000000,86230.04000000,86264.98000000,144.39154000,1764560159999,12462521.49681250,19138,32.15095000,2774664.38541560,0
2025-12-01 03:36:00,86264.98000000,86348.70000000,86202.23000000,86250.55000000,91.91004000,1764560339999,7929908.92216480,18470,30.52182000,2633405.32561990,0
2025-12-01 03:39:00,86250.54000000,86420.00000000,86161.61000000,86420.00000000,76.34476000,1764560519999,6586910.89202590,14194,26.91957000,2322584.61646160,0
2025-12-01 03:42:00,86420.00000000,86448.92000000,86356.14000000,86448.92000000,41.82166000,1764560699999,3613845.33608250,9395,14.86056000,1284115.70410220,0
2025-12-01 03:45:00,86448.91000000,86472.29000000,86309.99000000,86352.73000000,141.97649000,1764560879999,12259808.56488960,10176,49.15215000,4243411.51743270,0
2025-12-01 03:48:00,86352.72000000,86358.78000000,86218.79000000,86279.60000000,93.64252000,1764561059999,8080315.64661080,9426,13.91071000,1200310.76243160,0
2025-12-01 03:51:00,86279.60000000,86390.24000000,86256.68000000,86300.00000000,102.88880000,1764561239999,8882464.34106490,14001,20.85744000,1800391.01161010,0
2025-12-01 03:54:00,86300.00000000,86381.24000000,86264.89000000,86372.64000000,79.68463000,1764561419999,6877706.36216560,6600,27.77715000,2397335.61908390,0
2025-12-01 03:57:00,86372.65000000,86400.00000000,86320.00000000,86346.13000000,94.86207000,1764561599999,8194322.35103550,6644,49.30417000,4259557.19196090,0
2025-12-01 04:00:00,86346.13000000,86346.13000000,86227.73000000,86234.47000000,89.62185000,1764561779999,7731740.62738590,16698,20.47057000,1765752.82494820,0
2025-12-01 04:03:00,86234.47000000,86286.01000000,86177.45000000,86203.94000000,118.56380000,1764561959999,10222515.24191060,14731,37.39452000,3223868.64023470,0
2025-12-01 04:06:00,86203.95000000,86350.01000000,86203.94000000,86272.12000000,47.85607000,1764562139999,4128521.01668230,11738,22.62254000,1951545.99156230,0
2025-12-01 04:09:00,86272.12000000,86290.85000000,86066.16000000,86134.00000000,244.20897000,1764562319999,21044827.90211570,25255,123.72475000,10664166.22585480,0
2025-12-01 04:12:00,86134.00000000,86166.00000000,85962.14000000,86032.04000000,309.52248000,1764562499999,26632229.89997080,21439,46.93004000,4038506.78406410,0
2025-12-01 04:15:00,86032.04000000,86060.47000000,85867.42000000,85952.00000000,145.78892000,1764562679999,12530573.04700120,26181,50.18718000,4313955.50337330,0
2025-12-01 04:18:00,85952.00000000,86043.99000000,85946.51000000,85951.19000000,110.71011000,1764562859999,9521256.21662970,14008,68.71229000,5909225.45023670,0
2025-12-01 04:21:00,85951.19000000,86000.00000000,85830.87000000,85835.33000000,79.93422000,1764563039999,6866495.91212330,17503,33.13393000,2846250.26505570,0
2025-12-01 04:24:00,85835.32000000,85860.00000000,85700.00000000,85709.35000000,87.88297000,1764563219999,7538725.25002860,20331,28.57423000,2451253.97472390,0
2025-12-01 04:27:00,85709.35000000,85772.93000000,85700.00000000,85733.67000000,65.98482000,1764563399999,5657239.19151270,13140,19.40638000,1663846.07788980,0
2025-12-01 04:30:00,85733.66000000,85843.98000000,85695.44000000,85843.54000000,85.80750000,1764563579999,7360305.96071110,16737,39.00066000,3345911.32633870,0
2025-12-01 04:33:00,85843.54000000,85938.96000000,85794.51000000,85938.96000000,38.31010000,1764563759999,3289661.95106310,10692,26.11502000,2242526.18280520,0
2025-12-01 04:36:00,85938.96000000,85938.96000000,85800.00000000,85920.00000000,48.15359000,1764563939999,4135117.58867220,15983,27.08951000,2326262.35425070,0
2025-12-01 04:39:00,85920.00000000,85979.99000000,85915.09000000,85979.99000000,26.09818000,1764564119999,2242993.55285230,8983,14.90755000,1281247.33646000,0
2025-12-01 04:42:00,85979.99000000,86009.25000000,85889.86000000,85895.25000000,65.74836000,1764564299999,5650947.93061630,8149,24.39613000,2097533.17719100,0
2025-12-01 04:45:00,85895.24000000,85916.16000000,85865.54000000,85899.32000000,48.23167000,1764564479999,4142580.10205180,9718,22.71240000,1950696.35331730,0
2025-12-01 04:48:00,85899.31000000,85917.89000000,85851.54000000,85851.54000000,38.05387000,1764564659999,3268162.39731140,9017,16.50168000,1417243.34957380,0
2025-12-01 04:51:00,85851.54000000,85912.08000000,85780.51000000,85780.51000000,101.69488000,1764564839999,8732114.17537590,10642,73.10113000,6276805.61319350,0
2025-12-01 04:54:00,85780.52000000,85825.94000000,85740.81000000,85825.93000000,74.06361000,1764565019999,6352901.84080540,10443,17.89962000,1535298.26525980,0
2025-12-01 04:57:00,85825.94000000,85866.88000000,85761.20000000,85801.03000000,36.77754000,1764565199999,3156100.45261750,8653,18.26883000,1567685.12652480,0
2025-12-01 05:00:00,85801.03000000,85925.01000000,85741.67000000,85851.74000000,61.21937000,1764565379999,5255555.59656210,16715,29.47162000,2529721.64110650,0
2025-12-01 05:03:00,85851.74000000,85873.36000000,85775.16000000,85841.46000000,28.04131000,1764565559999,2406663.23143590,9888,16.01525000,1374432.35134200,0
2025-12-01 05:06:00,85841.49000000,85891.12000000,85604.00000000,85667.02000000,66.97344000,1764565739999,5740739.42470150,17792,20.82465000,1785565.78886160,0
2025-12-01 05:09:00,85667.03000000,85924.11000000,85653.12000000,85844.86000000,41.34471000,1764565919999,3547310.03854040,13894,20.65569000,1772656.93135000,0
2025-12-01 05:12:00,85844.85000000,85876.00000000,85751.63000000,85755.50000000,33.86987000,1764566099999,2906270.46503790,13937,15.17877000,1302264.05904930,0
2025-12-01 05:15:00,85755.50000000,85834.55000000,85750.00000000,85806.72000000,33.87636000,1764566279999,2906145.54915710,12509,21.69607000,1861250.41200640,0
2025-12-01 05:18:00,85806.72000000,85806.72000000,85701.00000000,85734.85000000,25.75790000,1764566459999,2208597.66534320,11750,10.02551000,859473.71758810,0
2025-12-01 05:21:00,85734.85000000,85828.92000000,85732.25000000,85781.77000000,16.51580000,1764566639999,1416825.36017830,7415,9.95759000,854259.79509170,0
2025-12-01 05:24:00,85781.77000000,85932.00000000,85781.76000000,85928.56000000,52.26069000,1764566819999,4487126.35811810,11017,38.02800000,3265120.50459500,0
2025-12-01 05:27:00,85928.57000000,86006.85000000,85906.73000000,86006.85000000,28.52774000,1764566999999,2452058.98382560,5797,22.36124000,1922034.29642100,0
2025-12-01 05:30:00,86006.85000000,86006.85000000,85859.02000000,85890.27000000,36.37479000,1764567179999,3124825.14896720,8405,18.87469000,1621303.33820560,0
2025-12-01 05:33:00,85890.27000000,85933.06000000,85790.86000000,85848.00000000,31.59281000,1764567359999,2712889.65916860,9792,14.97005000,1285585.04066480,0
2025-12-01 05:36:00,85848.00000000,85856.00000000,85715.37000000,85718.23000000,21.31747000,1764567539999,1828729.69052710,8641,6.05146000,519089.72217820,0
2025-12-01 05:39:00,85718.22000000,85777.99000000,85651.55000000,85765.43000000,31.64503000,1764567719999,2712335.26676370,12620,11.82600000,1013659.91718000,0
2025-12-01 05:42:00,85765.43000000,85808.76000000,85750.48000000,85750.49000000,20.52223000,1764567899999,1760396.87557480,5856,13.81558000,1185106.45147260,0
2025-12-01 05:45:00,85750.49000000,85936.00000000,85750.48000000,85928.60000000,34.00980000,1764568079999,2919894.82896690,9859,25.90296000,2223528.94316180,0
2025-12-01 05:48:00,85928.60000000,85980.00000000,85903.93000000,85936.26000000,22.93694000,1764568259999,1971186.90939800,7450,11.13441000,956792.24103800,0
2025-12-01 05:51:00,85936.26000000,86006.13000000,85936.26000000,86006.13000000,23.64783000,1764568439999,2033268.90180460,6330,15.72974000,1352460.84612730,0
2025-12-01 05:54:00,86006.13000000,86006.13000000,85922.40000000,85944.39000000,86.44216000,1764568619999,7430505.52303330,8833,22.35737000,1921713.54359430,0
2025-12-01 05:57:00,85944.38000000,86004.08000000,85940.29000000,86001.08000000,52.48634000,1764568799999,4511863.43982740,4098,24.85642000,2136585.62024980,0
2025-12-01 06:00:00,86001.08000000,86215.93000000,85974.66000000,86185.50000000,72.71129000,1764568979999,6263669.18447360,16598,52.10882000,4489013.34387700,0
2025-12-01 06:03:00,86185.50000000,86206.05000000,86000.00000000,86000.01000000,47.84880000,1764569159999,4120464.12538520,13589,24.43654000,2104241.61247190,0
2025-12-01 06:06:00,86000.01000000,86161.19000000,86000.01000000,86154.01000000,26.34737000,1764569339999,2268333.31839470,11120,17.67242000,1521526.03456090,0
2025-12-01 06:09:00,86154.01000000,86212.65000000,86109.75000000,86200.01000000,27.16882000,1764569519999,2340531.35481370,11596,12.91306000,1112502.10029860,0
2025-12-01 06:12:00,86200.00000000,86280.00000000,86160.00000000,86280.00000000,75.30287000,1764569699999,6492592.30352940,9398,60.76986000,5239584.85186380,0
2025-12-01 06:15:00,86279.99000000,86280.00000000,86122.36000000,86122.37000000,65.33184000,1764569879999,5632151.78634050,10397,26.06965000,2247195.82388020,0
2025-12-01 06:18:00,86122.37000000,86180.73000000,86032.20000000,86086.60000000,51.07871000,1764570059999,4397918.48565300,9395,13.99625000,1205018.27584160,0
2025-12-01 06:21:00,86086.60000000,86100.00000000,86018.51000000,86032.92000000,42.75678000,1764570239999,3679467.86795780,12334,14.45689000,1244155.05681260,0
2025-12-01 06:24:00,86032.93000000,86100.00000000,86028.00000000,86048.71000000,33.90900000,1764570419999,2918228.25780110,9218,7.61624000,655444.61760720,0
2025-12-01 06:27:00,86048.71000000,86081.84000000,86024.59000000,86074.30000000,36.00635000,1764570599999,3098170.67195290,7656,5.43969000,468050.99168440,0
2025-12-01 06:30:00,86074.29000000,86075.08000000,85976.11000000,86066.63000000,45.87736000,1764570779999,3946664.13428070,11578,9.02769000,776649.40741990,0
2025-12-01 06:33:00,86066.63000000,86103.16000000,86033.96000000,86103.16000000,44.54760000,1764570959999,3834333.14520670,9460,20.86754000,1796309.25845440,0
2025-12-01 06:36:00,86103.89000000,86245.90000000,86088.52000000,86225.52000000,38.41608000,1764571139999,3309992.77746640,8334,17.94767000,1546395.47008600,0
2025-12-01 06:39:00,86225.51000000,86265.15000000,86184.63000000,86221.14000000,79.22432000,1764571319999,6831891.58481480,10315,22.46625000,1937277.33431580,0
2025-12-01 06:42:00,86221.13000000,86289.86000000,86188.07000000,86289.85000000,39.07419000,1764571499999,3369457.05447810,7274,12.74752000,1099208.91516540,0
2025-12-01 06:45:00,86289.85000000,86315.58000000,86247.41000000,86315.57000000,40.27962000,1764571679999,3475365.11214330,8889,22.25293000,1919994.31487410,0
2025-12-01 06:48:00,86315.58000000,86357.43000000,86195.75000000,86195.76000000,35.42566000,1764571859999,3056404.25440590,9827,14.32413000,1235714.82365640,0
2025-12-01 06:51:00,86195.76000000,86237.53000000,86122.40000000,86213.80000000,44.33417000,1764572039999,3820381.61126180,9894,25.04901000,2158361.59730100,0
2025-12-01 06:54:00,86213.80000000,86313.14000000,86156.33000000,86305.96000000,49.66659000,1764572219999,4282499.40215010,8519,39.18306000,3378412.27526970,0
2025-12-01 06:57:00,86305.96000000,86337.61000000,86232.40000000,86234.16000000,36.29998000,1764572399999,3132404.51695860,6298,11.67563000,1007402.36359200,0
2025-12-01 07:00:00,86234.17000000,86278.00000000,86179.85000000,86278.00000000,33.38990000,1764572579999,2879363.91878600,11233,15.02902000,1295985.17115830,0
2025-12-01 07:03:00,86277.99000000,86278.00000000,86124.74000000,86131.51000000,48.74595000,1764572759999,4202451.72163160,11891,15.77760000,1360312.01819840,0
2025-12-01 07:06:00,86131.51000000,86184.01000000,86082.47000000,86082.47000000,33.20352000,1764572939999,2859871.47432860,10582,5.29488000,456048.57964400,0
2025-12-01 07:09:00,86082.48000000,86172.91000000,86082.47000000,86112.03000000,29.30771000,1764573119999,2523996.74062170,9202,6.83554000,588620.04366330,0
2025-12-01 07:12:00,86112.03000000,86212.67000000,86100.00000000,86161.34000000,36.74601000,1764573299999,3165630.22908590,6142,8.74515000,753269.21995890,0
2025-12-01 07:15:00,86161.35000000,86190.00000000,86104.83000000,86167.82000000,34.83083000,1764573479999,3000589.38279470,9746,9.69205000,834910.29607850,0
2025-12-01 07:18:00,86167.83000000,86188.95000000,86073.56000000,86116.08000000,38.61321000,1764573659999,3326149.56394440,8643,7.36577000,634462.64987470,0
2025-12-01 07:21:00,86116.07000000,86133.44000000,86049.90000000,86097.98000000,79.48075000,1764573839999,6841158.28289000,8636,24.46855000,2105944.60270950,0
2025-12-01 07:24:00,86097.99000000,86241.80000000,86097.98000000,86220.15000000,59.39264000,1764574019999,5119653.80739730,7612,16.07841000,1385736.86112640,0
2025-12-01 07:27:00,86220.15000000,86292.00000000,86205.40000000,86246.84000000,48.68360000,1764574199999,4199686.39136770,7118,18.11384000,1562583.42672820,0
2025-12-01 07:30:00,86246.85000000,86268.89000000,86145.91000000,86234.02000000,62.31532000,1764574379999,5372002.10309620,11167,34.27342000,2954529.06975780,0
2025-12-01 07:33:00,86234.03000000,86321.67000000,86234.02000000,86288.28000000,101.65042000,1764574559999,8772279.97008160,9668,67.18323000,5797759.04066490,0
2025-12-01 07:36:00,86288.27000000,86470.60000000,86288.27000000,86450.00000000,87.41369000,1764574739999,7549643.73458910,11538,72.46639000,6258554.56600280,0
2025-12-01 07:39:00,86450.01000000,86455.65000000,86333.32000000,86439.32000000,106.33539000,1764574919999,9184955.54403290,12714,78.21048000,6755338.88572780,0
2025-12-01 07:42:00,86439.32000000,86501.08000000,86439.31000000,86465.46000000,113.95845000,1764575099999,9854911.61573230,10965,58.48311000,5057462.29258680,0
2025-12-01 07:45:00,86465.46000000,86578.06000000,86448.03000000,86500.00000000,110.01452000,1764575279999,9519241.44281770,14220,69.71565000,6032193.33172230,0
2025-12-01 07:48:00,86500.00000000,86558.82000000,86460.00000000,86460.01000000,80.66967000,1764575459999,6978397.73965690,10190,44.36588000,3837886.73204990,0
2025-12-01 07:51:00,86460.00000000,86573.53000000,86451.53000000,86521.41000000,112.38857000,1764575639999,9725282.48190370,9949,74.43164000,6440452.23006190,0
2025-12-01 07:54:00,86521.40000000,86565.87000000,86464.80000000,86560.17000000,117.65463000,1764575819999,10177866.44572720,10062,56.85489000,4918620.51757900,0
2025-12-01 07:57:00,86560.17000000,86562.34000000,86507.55000000,86550.30000000,58.38879000,1764575999999,5052765.25168230,7839,39.76923000,3441538.18379780,0
2025-12-01 08:00:00,86550.30000000,86563.75000000,86500.00000000,86509.10000000,54.12671000,1764576179999,4682889.43877660,11741,26.90780000,2327972.52227850,0
2025-12-01 08:03:00,86509.10000000,86517.76000000,86390.25000000,86429.20000000,73.68165000,1764576359999,6371015.53846880,10147,19.67298000,1700444.20864520,0
2025-12-01 08:06:00,86429.21000000,86665.54000000,86429.21000000,86635.96000000,49.26820000,1764576539999,4265817.56832310,15150,34.60909000,2996487.33540080,0
2025-12-01 08:09:00,86635.97000000,86635.97000000,86434.88000000,86439.25000000,53.85469000,1764576719999,4660827.50217590,9800,19.37670000,1677442.94319210,0
2025-12-01 08:12:00,86439.25000000,86507.04000000,86404.01000000,86477.46000000,36.29668000,1764576899999,3138139.82613850,10123,28.68234000,2479736.46434820,0
2025-12-01 08:15:00,86477.46000000,86586.94000000,86450.00000000,86560.99000000,34.69020000,1764577079999,3001600.67263740,13734,17.88838000,1547821.60224290,0
2025-12-01 08:18:00,86560.99000000,86579.03000000,86517.63000000,86564.83000000,29.46288000,1764577259999,2550139.60095820,8597,18.87365000,1633581.56549580,0
2025-12-01 08:21:00,86564.84000000,86581.83000000,86493.58000000,86521.20000000,92.40170000,1764577439999,7996268.06322020,9168,21.07041000,1823419.05385920,0
2025-12-01 08:24:00,86521.20000000,86541.26000000,86490.35000000,86539.35000000,39.83661000,1764577619999,3446373.09201560,5550,13.00664000,1125203.27378090,0
2025-12-01 08:27:00,86539.35000000,86650.00000000,86539.35000000,86649.99000000,48.53359000,1764577799999,4201943.20492930,7253,20.56725000,1780822.46784290,0
2025-12-01 08:30:00,86650.00000000,86664.13000000,86528.58000000,86528.58000000,46.60986000,1764577979999,4036746.98019340,14647,18.35846000,1589612.02660580,0
2025-12-01 08:33:00,86528.00000000,86664.00000000,86500.00000000,86664.00000000,34.86715000,1764578159999,3018096.96015790,8541,15.08236000,1305657.26733340,0
2025-12-01 08:36:00,86664.00000000,86727.23000000,86641.99000000,86695.70000000,60.56134000,1764578339999,5249870.12739040,11741,32.79271000,2842924.58935870,0
2025-12-01 08:39:00,86695.69000000,86756.60000000,86660.00000000,86727.01000000,58.96818000,1764578519999,5114222.89909560,10432,46.56883000,4038882.13777810,0
2025-12-01 08:42:00,86727.00000000,86807.56000000,86717.84000000,86797.57000000,36.79015000,1764578699999,3192241.49764490,9882,24.02943000,2085050.72936900,0
2025-12-01 08:45:00,86797.58000000,86801.44000000,86744.86000000,86755.18000000,23.87483000,1764578879999,2071583.86751830,7202,12.78950000,1109700.44804100,0
2025-12-01 08:48:00,86755.18000000,86839.99000000,86755.17000000,86796.94000000,28.10069000,1764579059999,2439046.75801040,13077,18.48415000,1604335.27841520,0
2025-12-01 08:51:00,86796.94000000,86852.00000000,86790.65000000,86851.99000000,67.50531000,1764579239999,5860278.33933180,8410,59.13067000,5133217.41897980,0
2025-12-01 08:54:00,86851.99000000,86867.94000000,86800.00000000,86851.80000000,30.63409000,1764579419999,2660060.79554640,6992,20.10456000,1745733.37664550,0
2025-12-01 08:57:00,86851.80000000,86890.77000000,86811.05000000,86869.51000000,48.00318000,1764579599999,4169125.51292910,10579,35.61228000,3092923.89749710,0
2025-12-01 09:00:00,86869.50000000,86938.01000000,86778.47000000,86874.50000000,55.50631000,1764579779999,4822430.10458810,19141,31.00489000,2693619.19208440,0
2025-12-01 09:03:00,86874.50000000,86923.29000000,86776.99000000,86871.15000000,49.62356000,1764579959999,4310345.91401220,14363,27.02499000,2347194.37775060,0
2025-12-01 09:06:00,86871.16000000,86871.16000000,86771.27000000,86785.87000000,32.41760000,1764580139999,2813845.42371640,11446,14.62134000,1269117.13251490,0
2025-12-01 09:09:00,86785.88000000,86790.60000000,86646.91000000,86663.57000000,82.77645000,1764580319999,7175554.04301380,15286,9.67196000,838616.49445390,0
2025-12-01 09:12:00,86663.58000000,86684.83000000,86600.80000000,86642.43000000,86.05379000,1764580499999,7456079.13550370,10870,13.33017000,1154723.81316460,0
2025-12-01 09:15:00,86642.44000000,86741.17000000,86625.17000000,86687.93000000,24.51505000,1764580679999,2125246.31524090,14853,12.29583000,1065851.22677710,0
2025-12-01 09:18:00,86687.93000000,86730.00000000,86680.03000000,86720.00000000,40.39160000,1764580859999,3502199.91826020,8395,9.48826000,822651.63141360,0
2025-12-01 09:21:00,86720.00000000,86778.22000000,86701.21000000,86764.65000000,25.32053000,1764581039999,2196525.47527840,10398,15.66106000,1358479.39292770,0
2025-12-01 09:24:00,86764.66000000,86764.66000000,86530.76000000,86532.00000000,85.81270000,1764581219999,7430672.55202820,13142,7.48519000,648615.61801580,0
2025-12-01 09:27:00,86532.00000000,86648.25000000,86518.18000000,86606.01000000,63.19323000,1764581399999,5472580.90043340,9939,30.65093000,2654345.94922320,0
2025-12-01 09:30:00,86606.01000000,86649.97000000,86580.67000000,86649.97000000,40.52279000,1764581579999,3509561.73058750,12655,20.25941000,1754493.06340340,0
2025-12-01 09:33:00,86649.96000000,86685.14000000,86613.80000000,86671.06000000,27.46030000,1764581759999,2379681.40510170,7853,16.85548000,1460685.76057670,0
2025-12-01 09:36:00,86671.06000000,86747.38000000,86664.28000000,86664.29000000,34.85779000,1764581939999,3022065.48419820,11402,23.05735000,1998986.63869410,0
2025-12-01 09:39:00,86664.28000000,86759.99000000,86633.15000000,86759.98000000,26.83491000,1764582119999,2325985.27238660,9464,16.57584000,1436662.51918120,0
2025-12-01 09:42:00,86759.99000000,86842.30000000,86748.49000000,86842.30000000,17.61816000,1764582299999,1529196.12503410,6460,12.53037000,1087594.46276880,0
2025-12-01 09:45:00,86842.29000000,86899.00000000,86747.43000000,86778.00000000,39.42101000,1764582479999,3422393.42818000,14090,18.79596000,1631701.96595570,0
2025-12-01 09:48:00,86777.99000000,86778.00000000,86701.40000000,86750.08000000,38.54664000,1764582659999,3343524.74803650,11176,22.43551000,1945993.67191280,0
2025-12-01 09:51:00,86750.08000000,86800.96000000,86708.72000000,86710.01000000,59.97581000,1764582839999,5203341.84865670,9461,37.79511000,3279413.26163980,0
2025-12-01 09:54:00,86710.01000000,86739.83000000,86688.53000000,86739.83000000,19.26769000,1764583019999,1670704.16198750,6615,12.29660000,1066255.86629750,0
2025-12-01 09:57:00,86739.82000000,86745.28000000,86704.86000000,86704.86000000,16.81075000,1764583199999,1457984.10827620,7489,7.58984000,658248.85178490,0
2025-12-01 10:00:00,86704.85000000,86804.81000000,86704.85000000,86770.65000000,15.06331000,1764583379999,1306841.72543770,8511,9.57488000,830589.30915100,0
2025-12-01 10:03:00,86770.64000000,86787.91000000,86708.02000000,86787.18000000,28.29548000,1764583559999,2454528.28353230,11094,16.22473000,1407384.98758850,0
2025-12-01 10:06:00,86787.18000000,86814.00000000,86764.23000000,86799.58000000,12.76078000,1764583739999,1107525.62512790,7419,7.72221000,670202.12703310,0
2025-12-01 10:09:00,86799.59000000,86799.59000000,86735.52000000,86737.36000000,14.53093000,1764583919999,1260583.11079050,6336,6.51303000,564983.82207630,0
2025-12-01 10:12:00,86737.35000000,86769.66000000,86666.16000000,86675.44000000,14.05141000,1764584099999,1218629.53523960,7104,3.63717000,315465.18097800,0
2025-12-01 10:15:00,86675.45000000,86691.88000000,86624.30000000,86634.35000000,31.24811000,1764584279999,2707824.84912700,7857,10.38540000,899913.79308840,0
2025-12-01 10:18:00,86634.34000000,86680.00000000,86621.01000000,86635.45000000,18.51517000,1764584459999,1604151.36444780,7396,6.53970000,566625.04029960,0
2025-12-01 10:21:00,86635.44000000,86655.32000000,86616.62000000,86644.65000000,9.50571000,1764584639999,823536.61862940,4755,7.36742000,638283.81053790,0
2025-12-01 10:24:00,86644.66000000,86648.40000000,86572.60000000,86587.05000000,37.41906000,1764584819999,3240381.65857990,6106,6.44115000,557855.98998900,0
2025-12-01 10:27:00,86587.06000000,86596.34000000,86552.00000000,86596.11000000,12.21348000,1764584999999,1057417.96649820,4580,7.18039000,621653.51835770,0
2025-12-01 10:30:00,86596.12000000,86665.30000000,86596.07000000,86642.51000000,14.58377000,1764585179999,1263524.49872900,4797,9.07749000,786415.37933640,0
2025-12-01 10:33:00,86642.51000000,86642.51000000,86555.19000000,86639.91000000,24.30330000,1764585359999,2104384.55754660,7125,13.65796000,1182492.44292900,0
2025-12-01 10:36:00,86639.91000000,86643.46000000,86608.01000000,86643.46000000,14.70972000,1764585539999,1274234.47524760,5174,8.09910000,701543.30984240,0
2025-12-01 10:39:00,86643.46000000,86643.46000000,86574.63000000,86612.93000000,17.71956000,1764585719999,1534713.00236750,6855,8.21630000,711620.96999150,0
2025-12-01 10:42:00,86612.94000000,86633.72000000,86596.37000000,86624.00000000,10.57669000,1764585899999,916121.73115860,3615,5.13493000,444743.81727060,0
2025-12-01 10:45:00,86624.00000000,86686.92000000,86624.00000000,86686.92000000,16.22767000,1764586079999,1406242.03855840,6202,10.67784000,925306.06271550,0
2025-12-01 10:48:00,86686.92000000,86700.00000000,86648.00000000,86660.70000000,13.31649000,1764586259999,1154123.84279690,4435,5.29624000,458981.80977890,0
2025-12-01 10:51:00,86660.69000000,86660.70000000,86605.85000000,86651.61000000,26.15986000,1764586439999,2266046.81281550,5015,10.54108000,913089.15077930,0
2025-12-01 10:54:00,86651.62000000,86690.71000000,86633.52000000,86633.53000000,21.79779000,1764586619999,1888807.40656470,5590,11.99504000,1039381.71938290,0
2025-12-01 10:57:00,86633.52000000,86660.70000000,86633.52000000,86647.73000000,13.02509000,1764586799999,1128631.49196410,2832,6.36177000,551226.64940510,0
2025-12-01 11:00:00,86647.73000000,86699.99000000,86644.94000000,86644.94000000,24.50279000,1764586979999,2123560.40107810,5925,13.47544000,1167799.65824520,0
2025-12-01 11:03:00,86644.95000000,86644.95000000,86522.79000000,86524.00000000,29.16674000,1764587159999,2525773.64088450,5744,12.07971000,1046189.72684330,0
2025-12-01 11:06:00,86524.00000000,86538.59000000,86477.76000000,86500.00000000,47.66711000,1764587339999,4123795.18229750,9630,10.91900000,944564.52220670,0
2025-12-01 11:09:00,86500.00000000,86539.54000000,86485.00000000,86493.19000000,62.16224000,1764587519999,5377764.33696070,5840,21.63657000,1871696.91784620,0
2025-12-01 11:12:00,86493.19000000,86507.20000000,86486.01000000,86487.26000000,34.20097000,1764587699999,2958061.97111490,3608,7.49172000,647958.60928300,0
2025-12-01 11:15:00,86487.27000000,86536.99000000,86440.95000000,86447.01000000,51.17720000,1764587879999,4426060.75041380,9875,14.97173000,1294929.74343050,0
2025-12-01 11:18:00,86447.01000000,86472.69000000,86432.85000000,86435.45000000,35.23497000,1764588059999,3046163.59093480,6125,8.69096000,751371.21945480,0
2025-12-01 11:21:00,86435.44000000,86516.00000000,86420.76000000,86437.72000000,39.14044000,1764588239999,3384061.76583320,7897,13.64909000,1179967.87895750,0
2025-12-01 11:24:00,86437.71000000,86516.00000000,86432.16000000,86435.37000000,36.39266000,1764588419999,3146857.23557600,8555,10.31638000,891941.29808310,0
2025-12-01 11:27:00,86435.38000000,86482.75000000,86421.46000000,86464.73000000,14.05375000,1764588599999,1214948.23602840,3240,5.68675000,491555.91315250,0
2025-12-01 11:30:00,86464.73000000,86464.74000000,86359.17000000,86369.64000000,56.51130000,1764588779999,4883456.07913120,8065,8.52604000,736666.01308500,0
2025-12-01 11:33:00,86369.64000000,86409.99000000,86350.00000000,86409.98000000,25.84432000,1764588959999,2232342.13565670,6356,11.84808000,1023383.72263670,0
2025-12-01 11:36:00,86409.99000000,86490.18000000,86381.70000000,86416.46000000,29.02275000,1764589139999,2508622.56945210,6694,10.16069000,878103.15322270,0
2025-12-01 11:39:00,86416.47000000,86420.70000000,86360.84000000,86360.84000000,16.65610000,1764589319999,1438922.28941120,5662,4.25444000,367545.74237680,0
2025-12-01 11:42:00,86360.84000000,86371.36000000,86250.00000000,86286.67000000,45.37327000,1764589499999,3916692.51443280,10104,8.55065000,737995.62338760,0
2025-12-01 11:45:00,86286.67000000,86330.00000000,86261.56000000,86286.60000000,23.57659000,1764589679999,2034720.51847300,6364,8.24392000,711413.64584330,0
2025-12-01 11:48:00,86286.60000000,86355.31000000,86274.37000000,86354.00000000,23.16460000,1764589859999,1999513.99135430,7264,12.54400000,1082804.53084960,0
2025-12-01 11:51:00,86353.99000000,86366.00000000,86301.66000000,86325.43000000,128.01300000,1764590039999,11053270.62345370,7459,10.39473000,897339.34803610,0
2025-12-01 11:54:00,86325.43000000,86325.43000000,86259.11000000,86304.00000000,26.69993000,1764590219999,2303791.62279480,6193,11.36153000,980290.52301630,0
2025-12-01 11:57:00,86304.00000000,86308.02000000,86131.01000000,86149.15000000,76.18940000,1764590399999,6569010.84464350,10913,8.50600000,733335.33000620,0
2025-12-01 12:00:00,86146.59000000,86231.52000000,86116.00000000,86156.17000000,64.48333000,1764590579999,5555658.55420690,12444,27.79262000,2394428.12604470,0
2025-12-01 12:03:00,86156.18000000,86207.97000000,86040.00000000,86042.01000000,73.57939000,1764590759999,6336984.24772900,13750,27.85599000,2399169.73885760,0
2025-12-01 12:06:00,86042.01000000,86062.55000000,85940.02000000,86023.75000000,80.92765000,1764590939999,6959896.71869050,15574,25.67546000,2208113.25361080,0
2025-12-01 12:09:00,86023.76000000,86064.00000000,85914.95000000,85914.97000000,54.41390000,1764591119999,4680528.03538410,13283,19.66604000,1691525.53181570,0
2025-12-01 12:12:00,85914.97000000,85914.97000000,85811.00000000,85883.19000000,77.55149000,1764591299999,6658988.47599680,13906,26.64824000,2288092.28064190,0
2025-12-01 12:15:00,85883.18000000,85965.52000000,85883.17000000,85895.98000000,45.54796000,1764591479999,3913276.45756960,11710,19.59928000,1683714.45094530,0
2025-12-01 12:18:00,85895.98000000,85905.24000000,85836.54000000,85868.03000000,36.25496000,1764591659999,3113432.00759390,8987,10.43713000,896320.93263600,0
2025-12-01 12:21:00,85868.02000000,86052.00000000,85868.02000000,86006.87000000,61.59044000,1764591839999,5295692.08434890,11726,35.24574000,3030341.74305560,0
2025-12-01 12:24:00,86006.86000000,86006.87000000,85924.33000000,85924.34000000,37.97775000,1764592019999,3265332.25327910,8534,18.05134000,1552082.64573740,0
2025-12-01 12:27:00,85924.34000000,85928.87000000,85800.00000000,85835.30000000,78.97678000,1764592199999,6778418.24863680,8659,21.79244000,1870309.13473360,0
2025-12-01 12:30:00,85835.30000000,85854.42000000,85750.00000000,85791.01000000,63.35261000,1764592379999,5435033.79945160,10937,30.93625000,2653901.10870480,0
2025-12-01 12:33:00,85791.01000000,85791.01000000,85678.37000000,85783.44000000,60.69146000,1764592559999,5202988.15649150,10270,18.36475000,1574568.10186630,0
2025-12-01 12:36:00,85783.99000000,85877.99000000,85762.66000000,85814.11000000,40.80582000,1764592739999,3502163.41656220,11886,17.42573000,1495300.45348120,0
2025-12-01 12:39:00,85814.11000000,85814.11000000,85587.39000000,85636.76000000,55.73287000,1764592919999,4773815.03577350,17047,22.18809000,1900241.13668040,0
2025-12-01 12:42:00,85636.75000000,85666.62000000,85400.00000000,85484.00000000,210.37071000,1764593099999,17980680.58069690,24940,96.98932000,8288332.01903190,0
2025-12-01 12:45:00,85483.99000000,85514.00000000,85268.00000000,85318.71000000,144.10760000,1764593279999,12304439.43614770,22882,37.83241000,3230422.09281740,0
2025-12-01 12:48:00,85318.71000000,85340.36000000,84756.00000000,85157.45000000,522.93639000,1764593459999,44454719.79050270,56661,200.25408000,17016678.05030460,0
2025-12-01 12:51:00,85157.45000000,85448.81000000,85157.44000000,85406.01000000,196.77825000,1764593639999,16797986.45111460,39137,111.22074000,9493312.69382220,0
2025-12-01 12:54:00,85406.01000000,85492.30000000,85244.68000000,85259.98000000,84.42877000,1764593819999,7207215.76086940,27385,39.74907000,3393465.04794330,0
2025-12-01 12:57:00,85259.98000000,85537.70000000,85258.26000000,85430.64000000,107.67956000,1764593999999,9203296.50290540,16337,62.90863000,5376497.22984500,0
2025-12-01 13:00:00,85430.64000000,85942.83000000,85350.00000000,85895.73000000,142.48537000,1764594179999,12204674.71040970,34753,96.71151000,8284297.99764610,0
2025-12-01 13:03:00,85895.74000000,86166.43000000,85831.81000000,85832.31000000,177.94487000,1764594359999,15306516.97578750,33334,123.44956000,10619214.80580600,0
2025-12-01 13:06:00,85832.31000000,86075.41000000,85766.95000000,86030.00000000,78.37443000,1764594539999,6733679.75430500,24901,54.14173000,4652138.65873590,0
2025-12-01 13:09:00,86030.00000000,86108.93000000,85906.00000000,85911.37000000,70.43835000,1764594719999,6057955.16723930,19216,32.66612000,2809538.16363750,0
2025-12-01 13:12:00,85911.37000000,86084.00000000,85911.37000000,86084.00000000,33.23861000,1764594899999,2858181.91798750,15961,18.34481000,1577655.52399200,0
2025-12-01 13:15:00,86084.00000000,86148.20000000,85954.03000000,86059.73000000,62.83788000,1764595079999,5408514.96473950,19482,29.75667000,2561293.37491970,0
2025-12-01 13:18:00,86059.73000000,86074.84000000,85931.22000000,86058.93000000,45.47105000,1764595259999,3910527.99483940,12918,17.27110000,1485270.89833120,0
2025-12-01 13:21:00,86058.94000000,86073.22000000,85931.34000000,86044.81000000,25.25333000,1764595439999,2171650.59269000,12806,12.93000000,1111953.74427910,0
2025-12-01 13:24:00,86044.82000000,86044.82000000,85931.07000000,86036.40000000,28.50773000,1764595619999,2450737.14679370,11410,11.66074000,1002533.82826600,0
2025-12-01 13:27:00,86038.00000000,86050.00000000,85964.00000000,85994.00000000,16.81469000,1764595799999,1446089.15711570,8283,4.60847000,396316.35814380,0
2025-12-01 13:30:00,85993.71000000,86017.93000000,85784.03000000,85794.36000000,52.57461000,1764595979999,4514296.29595100,16947,19.81547000,1701370.48110790,0
2025-12-01 13:33:00,85794.36000000,85911.71000000,85750.00000000,85835.99000000,70.44366000,1764596159999,6044868.69287960,19510,42.25856000,3626377.24126770,0
2025-12-01 13:36:00,85835.99000000,85931.20000000,85825.75000000,85825.75000000,31.64800000,1764596339999,2717742.16616960,15801,20.01373000,1718522.62143480,0
2025-12-01 13:39:00,85825.75000000,85826.29000000,85671.76000000,85811.48000000,34.99936000,1764596519999,3001530.03981350,17755,14.95955000,1282804.55050270,0
2025-12-01 13:42:00,85811.48000000,85876.88000000,85735.47000000,85790.44000000,25.26729000,1764596699999,2168182.45952810,12298,10.87311000,932860.80708350,0
2025-12-01 13:45:00,85790.45000000,85825.60000000,85749.08000000,85803.88000000,34.83094000,1764596879999,2988378.96663980,14341,13.31230000,1142026.43208080,0
2025-12-01 13:48:00,85803.87000000,85813.60000000,85740.01000000,85805.22000000,26.16279000,1764597059999,2244126.81940250,12310,14.28397000,1225186.38634000,0
2025-12-01 13:51:00,85805.21000000,86109.45000000,85756.36000000,86109.45000000,65.59684000,1764597239999,5639787.42054750,20550,45.54315000,3915542.11323140,0
2025-12-01 13:54:00,86109.46000000,86111.17000000,85890.19000000,85942.24000000,38.67058000,1764597419999,3325526.43846760,15640,13.03755000,1121077.69714390,0
2025-12-01 13:57:00,85942.24000000,86039.46000000,85939.93000000,85986.85000000,35.89516000,1764597599999,3086971.53365150,9895,18.42358000,1584352.02276410,0
2025-12-01 14:00:00,85986.85000000,86065.74000000,85966.03000000,86056.57000000,32.48138000,1764597779999,2794168.49175000,15974,21.26083000,1828937.13647460,0
2025-12-01 14:03:00,86056.57000000,86315.58000000,86044.00000000,86053.97000000,99.93827000,1764597959999,8612549.20804090,23816,71.32192000,6146230.81897130,0
2025-12-01 14:06:00,86053.97000000,86147.24000000,86007.33000000,86077.45000000,44.46144000,1764598139999,3827138.03787570,17375,33.48284000,2882171.42759050,0
2025-12-01 14:09:00,86077.44000000,86267.00000000,86077.44000000,86187.25000000,114.51251000,1764598319999,9872590.35969040,21501,48.03969000,4141400.37297290,0
2025-12-01 14:12:00,86187.25000000,86333.28000000,86187.24000000,86237.47000000,55.83842000,1764598499999,4817669.34186030,15803,34.36245000,2964520.18101680,0
2025-12-01 14:15:00,86237.47000000,86255.59000000,85961.29000000,85961.30000000,72.17478000,1764598679999,6213498.07038340,17269,15.39933000,1325884.75486290,0
2025-12-01 14:18:00,85961.30000000,86136.46000000,85961.29000000,86081.42000000,26.75381000,1764598859999,2302605.91396660,10270,15.81982000,1361295.63445020,0
2025-12-01 14:21:00,86081.42000000,86176.64000000,86058.38000000,86084.27000000,23.45449000,1764599039999,2019698.89104120,10631,11.89280000,1023995.47605840,0
2025-12-01 14:24:00,86084.27000000,86176.37000000,86041.06000000,86176.37000000,31.12327000,1764599219999,2679852.63008990,9877,22.55578000,1942187.57984230,0
2025-12-01 14:27:00,86176.36000000,86278.61000000,86153.50000000,86244.01000000,26.66820000,1764599399999,2299671.63701630,8743,16.16147000,1393566.54036950,0
2025-12-01 14:30:00,86244.01000000,86325.90000000,85903.93000000,86128.00000000,216.61356000,1764599579999,18651867.98042710,43896,97.63909000,8407882.99021170,0
2025-12-01 14:33:00,86128.00000000,86498.37000000,86068.36000000,86426.06000000,178.93401000,1764599759999,15450470.75757350,41958,132.01543000,11399761.28675180,0
2025-12-01 14:36:00,86426.06000000,86674.00000000,86418.48000000,86431.97000000,184.65257000,1764599939999,15984485.19810890,39412,106.85581000,9249492.70427540,0
2025-12-01 14:39:00,86431.97000000,86479.99000000,86116.08000000,86203.29000000,111.15408000,1764600119999,9587254.70100320,30940,31.99015000,2762166.53571500,0
2025-12-01 14:42:00,86203.28000000,86203.28000000,85979.45000000,86054.68000000,74.41159000,1764600299999,6404992.49948210,28568,32.20240000,2771548.58436350,0
2025-12-01 14:45:00,86054.68000000,86300.00000000,85958.30000000,86217.24000000,50.58937000,1764600479999,4358502.06506740,33614,32.71472000,2818292.99142100,0
2025-12-01 14:48:00,86217.24000000,86224.26000000,85868.00000000,85971.75000000,125.73325000,1764600659999,10817169.28017590,33506,43.92241000,3777894.29286020,0
2025-12-01 14:51:00,85971.75000000,86116.51000000,85970.02000000,85972.93000000,63.27606000,1764600839999,5444971.21750350,31260,27.90184000,2400421.71147930,0
2025-12-01 14:54:00,85972.92000000,86331.71000000,85972.92000000,86274.00000000,70.36819000,1764601019999,6062681.77752140,27087,41.77894000,3601301.31784940,0
2025-12-01 14:57:00,86274.01000000,86282.56000000,86039.56000000,86067.90000000,51.42916000,1764601199999,4431055.25248740,18116,24.59334000,2119030.20121260,0
2025-12-01 15:00:00,86067.90000000,86137.17000000,85968.11000000,86056.27000000,77.12852000,1764601379999,6637713.43022570,26728,41.32131000,3556280.09826490,0
2025-12-01 15:03:00,86056.27000000,86056.27000000,85628.21000000,85764.82000000,202.66683000,1764601559999,17387505.37889340,30396,45.34068000,3891144.61269750,0
2025-12-01 15:06:00,85764.83000000,85946.00000000,85754.00000000,85882.62000000,70.38755000,1764601739999,6044746.34758950,20582,39.52408000,3394259.34450990,0
2025-12-01 15:09:00,85882.62000000,85924.53000000,85792.79000000,85822.12000000,70.52445000,1764601919999,6054514.50888970,22866,27.92958000,2397777.10662350,0
2025-12-01 15:12:00,85822.13000000,85903.94000000,85588.51000000,85594.49000000,82.98292000,1764602099999,7114649.89849190,21240,21.63989000,1855527.51819960,0
2025-12-01 15:15:00,85594.49000000,85741.45000000,85461.53000000,85698.99000000,121.23640000,1764602279999,10378161.15245740,31246,45.34829000,3882351.28862740,0
2025-12-01 15:18:00,85699.00000000,85699.00000000,85463.79000000,85517.83000000,79.09770000,1764602459999,6768339.75447620,26803,30.69229000,2625892.21035060,0
2025-12-01 15:21:00,85517.83000000,85517.83000000,85297.59000000,85300.51000000,99.66517000,1764602639999,8510457.33287570,31647,30.06504000,2567115.13459320,0
2025-12-01 15:24:00,85300.52000000,85439.00000000,85000.00000000,85066.81000000,253.22150000,1764602819999,21558391.40700830,32197,82.78659000,7050934.41310630,0
2025-12-01 15:27:00,85066.80000000,85116.95000000,84927.65000000,84955.95000000,113.23411000,1764602999999,9625856.32324860,29042,48.09768000,4088902.84965000,0
2025-12-01 15:30:00,84955.94000000,84968.00000000,84635.00000000,84778.66000000,260.60572000,1764603179999,22103397.40298250,37601,110.09891000,9338678.07596370,0
2025-12-01 15:33:00,84778.65000000,84816.12000000,84254.29000000,84470.78000000,343.62003000,1764603359999,29049371.24664840,53363,124.94427000,10558124.27686950,0
2025-12-01 15:36:00,84470.79000000,84762.49000000,84400.00000000,84451.30000000,272.19477000,1764603539999,23011082.56593510,42991,110.07448000,9308617.94437120,0
2025-12-01 15:39:00,84450.55000000,84517.93000000,84190.00000000,84220.50000000,139.57920000,1764603719999,11771667.98704730,38694,49.51795000,4175859.75206580,0
2025-12-01 15:42:00,84220.50000000,84255.01000000,83888.00000000,83939.90000000,296.03919000,1764603899999,24871261.19428420,53011,101.19311000,8501884.12891370,0
2025-12-01 15:45:00,83939.90000000,84162.95000000,83822.76000000,84067.56000000,232.25216000,1764604079999,19509845.43656210,45888,101.03813000,8487726.49875940,0
2025-12-01 15:48:00,84067.56000000,84608.27000000,84062.88000000,84586.04000000,176.47439000,1764604259999,14888249.56939610,44025,91.78108000,7742919.41050540,0
2025-12-01 15:51:00,84586.05000000,84894.77000000,84567.80000000,84786.69000000,139.25127000,1764604439999,11802099.44042640,38134,80.71356000,6840392.70163780,0
2025-12-01 15:54:00,84786.69000000,84885.99000000,84588.00000000,84598.64000000,123.71328000,1764604619999,10479203.91305960,28200,57.01677000,4829788.55138510,0
2025-12-01 15:57:00,84598.64000000,84714.44000000,84494.00000000,84677.87000000,120.28561000,1764604799999,10174649.84633430,22296,48.58834000,4109598.63887330,0
2025-12-01 16:00:00,84677.87000000,84862.66000000,84533.93000000,84533.94000000,79.79365000,1764604979999,6759234.05904350,29774,39.12673000,3314683.65152570,0
2025-12-01 16:03:00,84533.93000000,84598.00000000,84479.77000000,84526.31000000,57.18187000,1764605159999,4833925.52213860,24752,28.92098000,2444600.54768490,0
2025-12-01 16:06:00,84526.32000000,84558.03000000,84227.38000000,84264.52000000,114.29804000,1764605339999,9640125.28984040,32062,45.83490000,3866003.44036910,0
2025-12-01 16:09:00,84264.52000000,84340.00000000,84162.66000000,84283.00000000,72.88172000,1764605519999,6140680.00140270,28222,42.30309000,3564444.54043460,0
2025-12-01 16:12:00,84283.00000000,84426.06000000,84120.00000000,84141.12000000,88.16103000,1764605699999,7430398.07551750,24331,42.63892000,3594887.37918060,0
2025-12-01 16:15:00,84141.12000000,84182.02000000,84030.95000000,84137.91000000,84.04090000,1764605879999,7069114.94530690,21856,30.29854000,2548582.19316460,0
2025-12-01 16:18:00,84137.90000000,84192.00000000,84058.26000000,84113.37000000,116.07577000,1764606059999,9763798.27682370,23954,46.34359000,3898734.18075180,0
2025-12-01 16:21:00,84113.36000000,84381.43000000,84113.35000000,84327.51000000,71.30977000,1764606239999,6011071.67356190,28101,46.88366000,3952132.13619600,0
2025-12-01 16:24:00,84327.51000000,84566.10000000,84226.88000000,84486.51000000,191.58471000,1764606419999,16178677.59165180,27657,98.31175000,8300437.18991350,0
2025-12-01 16:27:00,84486.50000000,84700.01000000,84470.37000000,84558.00000000,153.73400000,1764606599999,13012181.11137780,18129,98.36325000,8325007.30238850,0
2025-12-01 16:30:00,84558.00000000,84788.07000000,84543.38000000,84773.34000000,143.55149000,1764606779999,12157608.06108480,30173,92.79733000,7859508.45035240,0
2025-12-01 16:33:00,84773.34000000,84817.79000000,84700.05000000,84780.64000000,61.43681000,1764606959999,5207685.97273660,23737,30.05370000,2547334.94060170,0
2025-12-01 16:36:00,84780.65000000,85300.01000000,84692.00000000,85158.00000000,220.65939000,1764607139999,18780608.88409490,39074,150.57847000,12820122.27761120,0
2025-12-01 16:39:00,85158.00000000,85463.12000000,85154.50000000,85249.19000000,123.49646000,1764607319999,10538942.69617710,34602,70.44525000,6010913.01709940,0
2025-12-01 16:42:00,85249.20000000,85423.13000000,85142.00000000,85142.01000000,102.58345000,1764607499999,8750293.59812010,23732,61.02846000,5207039.60547480,0
2025-12-01 16:45:00,85142.00000000,85182.56000000,85016.60000000,85095.10000000,79.24429000,1764607679999,6742307.22816550,21564,46.32270000,3940889.41026430,0
2025-12-01 16:48:00,85095.11000000,85095.11000000,84748.04000000,84822.90000000,162.52619000,1764607859999,13790186.35583360,27086,32.71078000,2775984.98429090,0
2025-12-01 16:51:00,84822.90000000,84867.97000000,84549.57000000,84549.69000000,91.09172000,1764608039999,7714524.36211780,30898,33.25664000,2816335.69924640,0
2025-12-01 16:54:00,84549.69000000,84600.05000000,84500.03000000,84574.00000000,96.63584000,1764608219999,8172109.56956880,20767,64.57701000,5461537.15222930,0
2025-12-01 16:57:00,84574.00000000,84587.60000000,84493.74000000,84571.80000000,42.05309000,1764608399999,3554972.56121110,13479,20.58609000,1740309.76569830,0
2025-12-01 17:00:00,84571.80000000,84788.30000000,84560.16000000,84614.03000000,106.37191000,1764608579999,9005510.76407040,28092,64.11313000,5427515.29393590,0
2025-12-01 17:03:00,84614.02000000,84854.00000000,84566.00000000,84790.33000000,38.20356000,1764608759999,3235934.76785700,25959,19.90671000,1686687.80184350,0
2025-12-01 17:06:00,84790.32000000,84992.95000000,84790.32000000,84960.89000000,38.20376000,1764608939999,3244136.50097900,18091,28.00674000,2378281.44956780,0
2025-12-01 17:09:00,84960.89000000,84960.89000000,84676.11000000,84770.00000000,45.11990000,1764609119999,3827047.07878220,18641,22.88988000,1941626.23331560,0
2025-12-01 17:12:00,84769.99000000,84837.62000000,84570.00000000,84571.00000000,35.29661000,1764609299999,2990391.52870780,14214,14.71671000,1247345.04069260,0
2025-12-01 17:15:00,84571.00000000,84700.00000000,84442.75000000,84676.28000000,71.48947000,1764609479999,6044435.55939430,21224,35.89860000,3035427.07640100,0
2025-12-01 17:18:00,84676.27000000,84746.70000000,84606.81000000,84732.20000000,47.00306000,1764609659999,3980803.33047680,14876,32.79022000,2777004.94812920,0
2025-12-01 17:21:00,84732.19000000,84910.24000000,84732.19000000,84781.70000000,69.49035000,1764609839999,5895277.78802670,15778,54.49328000,4622881.71062920,0
2025-12-01 17:24:00,84781.69000000,84913.91000000,84781.69000000,84904.55000000,26.45630000,1764610019999,2245508.34459910,14400,15.70961000,1333263.34219740,0
2025-12-01 17:27:00,84904.55000000,85050.69000000,84904.55000000,84984.34000000,40.91908000,1764610199999,3477205.14412370,13873,29.62421000,2517228.50713340,0
2025-12-01 17:30:00,84984.35000000,85003.39000000,84702.27000000,84709.99000000,38.86115000,1764610379999,3297480.61478480,14378,15.87593000,1346911.14864000,0
2025-12-01 17:33:00,84709.99000000,84872.72000000,84667.28000000,84872.72000000,32.14528000,1764610559999,2724121.93015380,18900,24.06126000,2039204.92465730,0
2025-12-01 17:36:00,84872.72000000,85020.73000000,84850.20000000,84940.00000000,39.95741000,1764610739999,3394570.73446260,15914,23.13520000,1965473.02084280,0
2025-12-01 17:39:00,84939.99000000,85097.95000000,84929.64000000,85006.95000000,28.99177000,1764610919999,2464819.34163300,13204,15.42828000,1311639.85220210,0
2025-12-01 17:42:00,85006.95000000,85205.87000000,84933.70000000,85201.26000000,52.61406000,1764611099999,4476486.36993150,14943,34.73743000,2955868.15928580,0
2025-12-01 17:45:00,85201.27000000,85265.66000000,85091.23000000,85103.38000000,47.78747000,1764611279999,4072087.41250280,19773,28.48435000,2427186.93682260,0
2025-12-01 17:48:00,85103.37000000,85221.62000000,85070.55000000,85085.00000000,31.02812000,1764611459999,2642443.43996220,11752,15.23505000,1297426.92610080,0
2025-12-01 17:51:00,85085.01000000,85119.46000000,85040.80000000,85093.63000000,15.47096000,1764611639999,1316380.42497900,14238,7.55392000,642670.44450170,0
2025-12-01 17:54:00,85093.63000000,85183.56000000,84972.26000000,84984.00000000,27.14748000,1764611819999,2309166.66774300,14379,10.04883000,854525.34938420,0
2025-12-01 17:57:00,84984.00000000,85029.41000000,84904.66000000,84920.30000000,84.90799000,1764611999999,7212477.42999250,10159,23.36704000,1985002.57218360,0
2025-12-01 18:00:00,84925.01000000,85160.00000000,84925.01000000,85119.66000000,31.49583000,1764612179999,2678295.36993420,14567,22.17759000,1885527.88959370,0
2025-12-01 18:03:00,85119.67000000,85119.67000000,84977.99000000,84978.00000000,23.73549000,1764612359999,2018724.99948950,12933,9.49646000,807727.51204190,0
2025-12-01 18:06:00,84977.99000000,85133.87000000,84956.01000000,85018.81000000,37.16458000,1764612539999,3159787.99455180,16767,10.37897000,882388.27585550,0
2025-12-01 18:09:00,85018.81000000,85187.15000000,84970.91000000,85187.15000000,25.25809000,1764612719999,2148113.73109140,15985,10.30430000,876644.64316590,0
2025-12-01 18:12:00,85187.15000000,85521.88000000,85187.14000000,85438.01000000,87.12079000,1764612899999,7442067.59913830,27311,50.13135000,4281868.40136950,0
2025-12-01 18:15:00,85438.01000000,85500.00000000,85323.00000000,85399.99000000,74.15284000,1764613079999,6333869.62187280,17771,46.26770000,3951954.09870320,0
2025-12-01 18:18:00,85399.99000000,85555.00000000,85326.14000000,85399.09000000,96.98624000,1764613259999,8287765.57929330,15378,64.31288000,5496174.67509490,0
2025-12-01 18:21:00,85399.09000000,85410.00000000,85277.32000000,85378.64000000,34.16233000,1764613439999,2916030.83015440,12356,14.12130000,1205138.67567760,0
2025-12-01 18:24:00,85378.98000000,85492.30000000,85319.25000000,85319.26000000,17.28141000,1764613619999,1476001.70098880,8116,6.49450000,554713.52103950,0
2025-12-01 18:27:00,85319.25000000,85366.10000000,85248.00000000,85306.00000000,32.80386000,1764613799999,2798565.40148960,11846,18.18733000,1551707.91023800,0
2025-12-01 18:30:00,85306.00000000,85327.34000000,85072.01000000,85195.43000000,37.09935000,1764613979999,3159965.19736240,15842,15.29388000,1302559.03757280,0
2025-12-01 18:33:00,85195.44000000,85210.59000000,85072.94000000,85072.95000000,15.68021000,1764614159999,1335562.23702370,9774,5.71943000,487148.69313920,0
2025-12-01 18:36:00,85072.94000000,85072.94000000,84950.00000000,85007.54000000,68.52489000,1764614339999,5824236.64448150,14686,14.67231000,1246986.87883860,0
2025-12-01 18:39:00,85007.55000000,85027.98000000,84771.59000000,84812.77000000,68.37700000,1764614519999,5804506.28626490,15238,14.72839000,1249976.74363750,0
2025-12-01 18:42:00,84812.77000000,84820.94000000,84723.83000000,84791.92000000,40.95583000,1764614699999,3472131.16307790,13375,20.11588000,1705248.97969840,0
2025-12-01 18:45:00,84791.92000000,84928.16000000,84748.00000000,84921.75000000,46.78867000,1764614879999,3968448.97298510,11487,31.49382000,2671004.48368020,0
2025-12-01 18:48:00,84921.75000000,84960.00000000,84800.00000000,84870.00000000,21.72665000,1764615059999,1844042.50041800,10683,7.61253000,646030.84211860,0
2025-12-01 18:51:00,84870.01000000,84923.42000000,84784.70000000,84839.64000000,36.76482000,1764615239999,3120096.63455890,14053,19.62627000,1665426.39293210,0
2025-12-01 18:54:00,84839.64000000,85033.97000000,84807.56000000,85033.97000000,33.48205000,1764615419999,2843594.72788040,14400,17.16860000,1458383.02132210,0
2025-12-01 18:57:00,85033.96000000,85313.59000000,85033.96000000,85199.48000000,81.71493000,1764615599999,6963144.25944560,21355,62.47189000,5323221.52864810,0
2025-12-01 19:00:00,85199.48000000,85299.14000000,85090.00000000,85129.01000000,46.48119000,1764615779999,3959716.75586760,17493,18.51525000,1576991.51625380,0
2025-12-01 19:03:00,85129.01000000,85239.70000000,85034.49000000,85039.90000000,20.58969000,1764615959999,1752965.49184640,11648,8.78055000,747622.41766440,0
2025-12-01 19:06:00,85039.89000000,85041.67000000,84805.24000000,84811.27000000,48.86637000,1764616139999,4150282.11860200,17124,12.56961000,1067394.63562340,0
2025-12-01 19:09:00,84811.28000000,85088.00000000,84757.54000000,85054.36000000,39.99499000,1764616319999,3397560.78724870,22577,28.09472000,2386704.10492220,0
2025-12-01 19:12:00,85054.36000000,85071.37000000,84983.66000000,85027.39000000,52.69333000,1764616499999,4480924.39707410,14196,13.04614000,1109249.92402980,0
2025-12-01 19:15:00,85027.38000000,85070.34000000,84921.83000000,85017.06000000,28.66850000,1764616679999,2436868.78937190,19266,15.76517000,1339962.14352170,0
2025-12-01 19:18:00,85017.07000000,85080.65000000,84852.85000000,84852.86000000,15.25613000,1764616859999,1295926.74028300,16612,6.67711000,567226.02238420,0
2025-12-01 19:21:00,84852.85000000,84940.23000000,84787.69000000,84931.57000000,46.37304000,1764617039999,3934354.10304470,14758,27.61982000,2343234.22161790,0
2025-12-01 19:24:00,84931.56000000,84990.01000000,84774.11000000,84775.44000000,19.36792000,1764617219999,1644113.98844170,15243,7.84426000,665930.81234140,0
2025-12-01 19:27:00,84775.43000000,84823.33000000,84730.00000000,84738.33000000,16.75541000,1764617399999,1420651.60376210,11219,6.59636000,559322.49221450,0
2025-12-01 19:30:00,84738.32000000,84742.22000000,84624.54000000,84669.00000000,38.68638000,1764617579999,3276310.64088880,15487,14.12502000,1196273.56467400,0
2025-12-01 19:33:00,84669.00000000,84867.40000000,84603.97000000,84854.33000000,35.39666000,1764617759999,2998281.33119300,17747,16.57496000,1403854.06963260,0
2025-12-01 19:36:00,84854.32000000,85069.55000000,84820.70000000,84820.70000000,40.85864000,1764617939999,3471885.78761310,17807,16.11814000,1369478.12456680,0
2025-12-01 19:39:00,84820.71000000,84942.00000000,84762.97000000,84827.18000000,37.32338000,1764618119999,3167789.45304830,14792,17.95598000,1524252.99509980,0
2025-12-01 19:42:00,84827.19000000,84876.99000000,84721.76000000,84741.07000000,17.40086000,1764618299999,1475211.81183850,11587,6.23483000,528590.87295460,0
2025-12-01 19:45:00,84741.07000000,84813.11000000,84692.30000000,84780.28000000,22.24063000,1764618479999,1885004.96068680,13918,13.42248000,1137612.73367100,0
2025-12-01 19:48:00,84780.28000000,84977.28000000,84760.00000000,84977.27000000,21.73485000,1764618659999,1844411.77531560,15095,9.45901000,802890.63480090,0
2025-12-01 19:51:00,84977.27000000,84990.78000000,84902.68000000,84990.78000000,18.06722000,1764618839999,1534686.02300790,13013,11.04297000,937969.26281290,0
2025-12-01 19:54:00,84990.79000000,85050.00000000,84923.66000000,85017.13000000,24.07256000,1764619019999,2046322.96157730,14044,11.31673000,961979.50294150,0
2025-12-01 19:57:00,85017.12000000,85100.00000000,84973.25000000,85024.50000000,26.19346000,1764619199999,2226654.49802070,12171,5.71777000,486225.55508250,0
2025-12-01 20:00:00,85024.50000000,85401.54000000,85007.69000000,85374.00000000,66.64419000,1764619379999,5682433.34338340,21756,43.33197000,3694567.57807330,0
2025-12-01 20:03:00,85373.99000000,85764.80000000,85344.90000000,85719.99000000,72.64491000,1764619559999,6213555.67765940,26955,52.56529000,4495877.81433640,0
2025-12-01 20:06:00,85719.99000000,85815.13000000,85602.47000000,85776.09000000,185.79851000,1764619739999,15926420.25309790,36736,90.06237000,7720323.55052340,0
2025-12-01 20:09:00,85776.09000000,85833.01000000,85645.51000000,85745.62000000,78.92444000,1764619919999,6768759.49039040,26344,49.98919000,4287424.44257760,0
2025-12-01 20:12:00,85745.62000000,85800.36000000,85504.04000000,85543.02000000,45.14957000,1764620099999,3866691.22889820,19979,18.92073000,1620149.96844550,0
2025-12-01 20:15:00,85543.02000000,85543.02000000,85385.85000000,85429.55000000,39.94057000,1764620279999,3412410.52295760,21470,9.33202000,797232.15406700,0
2025-12-01 20:18:00,85429.56000000,85577.29000000,85403.99000000,85516.24000000,33.19360000,1764620459999,2837494.79970860,16609,17.17477000,1467772.48562850,0
2025-12-01 20:21:00,85516.25000000,85529.69000000,85400.00000000,85426.91000000,21.95452000,1764620639999,1876567.73224780,15454,7.34396000,627778.54628640,0
2025-12-01 20:24:00,85426.91000000,85497.99000000,85307.82000000,85309.01000000,25.50159000,1764620819999,2177495.76206050,19313,9.99057000,853430.93497260,0
2025-12-01 20:27:00,85309.01000000,85350.00000000,85244.47000000,85266.52000000,59.40351000,1764620999999,5066866.10912490,17124,33.40351000,2849173.27854210,0
2025-12-01 20:30:00,85266.51000000,85362.01000000,85211.15000000,85310.70000000,41.96550000,1764621179999,3579551.38510560,17292,24.43338000,2083834.91500480,0
2025-12-01 20:33:00,85310.71000000,85348.01000000,85178.45000000,85262.00000000,37.87873000,1764621359999,3228875.61465360,18516,16.75793000,1428282.35559200,0
2025-12-01 20:36:00,85262.00000000,85435.02000000,85203.19000000,85400.00000000,22.26950000,1764621539999,1899619.17830360,16673,15.74021000,1342560.55737920,0
2025-12-01 20:39:00,85400.00000000,85400.00000000,85314.00000000,85346.94000000,23.62926000,1764621719999,2016789.39745730,13000,14.95575000,1276438.41955730,0
2025-12-01 20:42:00,85346.95000000,85470.00000000,85297.99000000,85470.00000000,12.08324000,1764621899999,1031710.28360600,11063,7.94668000,678546.31204460,0
2025-12-01 20:45:00,85470.00000000,85492.30000000,85360.00000000,85450.00000000,29.63332000,1764622079999,2531359.69027900,15710,12.41734000,1060679.26447750,0
2025-12-01 20:48:00,85450.00000000,85492.30000000,85406.00000000,85464.65000000,11.06120000,1764622259999,945136.69644790,10559,6.45888000,551817.39991630,0
2025-12-01 20:51:00,85464.65000000,85488.68000000,85317.69000000,85379.72000000,18.04302000,1764622439999,1540638.03375730,15801,6.25480000,533984.31940380,0
2025-12-01 20:54:00,85379.73000000,85453.56000000,85306.79000000,85428.23000000,70.69111000,1764622619999,6035577.35724270,14222,19.38944000,1655555.02787510,0
2025-12-01 20:57:00,85428.23000000,85548.63000000,85348.26000000,85518.00000000,110.64321000,1764622799999,9455253.26948340,23678,60.45112000,5166047.18072040,0
2025-12-01 21:00:00,85518.01000000,85784.20000000,85499.99000000,85592.34000000,105.47526000,1764622979999,9034188.67152920,27711,49.86294000,4271123.79137540,0
2025-12-01 21:03:00,85592.34000000,85692.00000000,85580.02000000,85678.75000000,23.28819000,1764623159999,1994105.48170200,14063,13.23984000,1133596.10156200,0
2025-12-01 21:06:00,85678.74000000,85907.23000000,85678.74000000,85819.63000000,44.84646000,1764623339999,3849307.93089130,16763,30.49129000,2617289.47264180,0
2025-12-01 21:09:00,85819.62000000,85893.88000000,85819.21000000,85833.57000000,31.22616000,1764623519999,2680910.70843690,12208,20.92381000,1796465.25094490,0
2025-12-01 21:12:00,85833.57000000,85833.58000000,85652.37000000,85661.19000000,18.35092000,1764623699999,1572814.41017450,9557,4.08777000,350338.26049630,0
2025-12-01 21:15:00,85661.18000000,85850.00000000,85628.00000000,85816.34000000,37.27667000,1764623879999,3197058.47704380,12342,21.95566000,1883110.37824730,0
2025-12-01 21:18:00,85816.34000000,85973.90000000,85786.57000000,85966.22000000,38.22685000,1764624059999,3283225.21306380,14680,22.14270000,1901917.36950850,0
2025-12-01 21:21:00,85966.22000000,86142.00000000,85952.00000000,86082.01000000,89.01927000,1764624239999,7660923.71471770,27608,50.23650000,4323090.27111990,0
2025-12-01 21:24:00,86082.01000000,86326.00000000,86082.00000000,86300.94000000,96.58372000,1764624419999,8324837.91998900,23609,69.00028000,5946364.67342980,0
2025-12-01 21:27:00,86300.93000000,86369.85000000,86170.19000000,86170.19000000,98.04779000,1764624599999,8456170.76417250,15912,41.19161000,3552286.33818150,0
2025-12-01 21:30:00,86170.19000000,86400.00000000,86170.19000000,86365.06000000,56.31700000,1764624779999,4861002.46961830,16962,39.80001000,3435229.27674240,0
2025-12-01 21:33:00,86365.06000000,86490.90000000,86365.06000000,86467.91000000,75.49699000,1764624959999,6525506.97921800,15529,47.38906000,4096137.98087020,0
2025-12-01 21:36:00,86467.91000000,86507.30000000,86272.34000000,86371.08000000,84.30247000,1764625139999,7284331.28808880,20056,38.98336000,3367961.54715290,0
2025-12-01 21:39:00,86371.08000000,86487.20000000,86333.71000000,86383.92000000,92.47494000,1764625319999,7989576.43565400,13705,47.61441000,4113708.81259460,0
2025-12-01 21:42:00,86383.92000000,86474.21000000,86383.91000000,86441.20000000,59.49214000,1764625499999,5142122.51760030,10157,44.92420000,3882924.26762120,0
2025-12-01 21:45:00,86441.21000000,86463.66000000,86303.50000000,86333.00000000,47.01191000,1764625679999,4060730.39666550,15029,21.04381000,1817675.36309260,0
2025-12-01 21:48:00,86333.00000000,86350.00000000,86232.01000000,86340.00000000,43.13419000,1764625859999,3721735.92689380,13433,17.24172000,1487940.03010530,0
2025-12-01 21:51:00,86339.99000000,86477.72000000,86339.99000000,86440.00000000,29.59702000,1764626039999,2558201.24976170,12249,21.39986000,1849657.75369180,0
2025-12-01 21:54:00,86440.00000000,86445.20000000,86410.00000000,86410.01000000,88.07398000,1764626219999,7612156.61358260,4893,10.63924000,919534.43034830,0
2025-12-01 21:57:00,86410.00000000,86466.68000000,86410.00000000,86436.65000000,44.16511000,1764626399999,3817051.65267130,8208,24.62192000,2128071.02868220,0
2025-12-01 22:00:00,86436.64000000,86632.75000000,86436.00000000,86581.82000000,101.18498000,1764626579999,8755532.38386480,20250,76.56134000,6624325.76469120,0
2025-12-01 22:03:00,86581.82000000,86760.00000000,86528.00000000,86735.21000000,67.40702000,1764626759999,5841434.03629850,16916,50.26050000,4355592.21976840,0
2025-12-01 22:06:00,86735.21000000,86800.00000000,86712.00000000,86770.73000000,46.18791000,1764626939999,4007321.60718900,11702,28.02436000,2431231.61758200,0
2025-12-01 22:09:00,86770.73000000,86829.13000000,86595.93000000,86615.64000000,108.45027000,1764627119999,9405204.01496440,10060,20.65550000,1791940.81632490,0
2025-12-01 22:12:00,86615.65000000,86615.65000000,86444.91000000,86510.10000000,42.46099000,1764627299999,3673179.32414990,11533,23.67010000,2047506.14230440,0
2025-12-01 22:15:00,86510.11000000,86659.67000000,86447.93000000,86543.08000000,40.19282000,1764627479999,3478446.76886800,18511,13.84771000,1198510.51698690,0
2025-12-01 22:18:00,86543.08000000,86543.09000000,86420.00000000,86490.17000000,28.71853000,1764627659999,2483341.83461240,9225,10.40630000,899705.77467660,0
2025-12-01 22:21:00,86490.17000000,86502.89000000,86426.14000000,86438.20000000,14.96369000,1764627839999,1294012.51076820,5250,4.75704000,411376.68301750,0
2025-12-01 22:24:00,86438.19000000,86489.26000000,86420.86000000,86420.87000000,13.21963000,1764628019999,1142818.09810510,6426,7.82586000,676471.95022400,0
2025-12-01 22:27:00,86420.87000000,86516.01000000,86420.87000000,86430.94000000,17.45921000,1764628199999,1509738.03013090,9550,12.40193000,1072381.57809660,0
2025-12-01 22:30:00,86430.95000000,86531.24000000,86424.00000000,86472.56000000,29.60086000,1764628379999,2559865.88337540,14287,20.95701000,1812287.10315590,0
2025-12-01 22:33:00,86472.57000000,86481.22000000,86300.00000000,86374.01000000,47.16738000,1764628559999,4074267.24830270,10197,21.61328000,1866574.29977140,0
2025-12-01 22:36:00,86374.00000000,86550.00000000,86361.96000000,86528.95000000,22.36383000,1764628739999,1933549.62647090,8327,15.57798000,1346802.05474190,0
2025-12-01 22:39:00,86528.95000000,86710.80000000,86458.71000000,86682.01000000,26.26865000,1764628919999,2274204.14561330,11668,17.33139000,1500432.50151990,0
2025-12-01 22:42:00,86682.00000000,86682.95000000,86624.31000000,86640.00000000,16.72303000,1764629099999,1449231.21867510,5922,9.39844000,814432.76484250,0
2025-12-01 22:45:00,86639.99000000,86846.05000000,86639.99000000,86777.97000000,73.14482000,1764629279999,6344957.97553310,14161,54.85281000,4757226.19392750,0
2025-12-01 22:48:00,86777.96000000,86860.00000000,86743.72000000,86828.68000000,28.69525000,1764629459999,2490692.71149390,14542,18.10596000,1571474.99069600,0
2025-12-01 22:51:00,86828.69000000,86828.69000000,86730.00000000,86734.36000000,18.08965000,1764629639999,1569516.28673910,8345,8.39269000,728147.28194450,0
2025-12-01 22:54:00,86734.36000000,86738.97000000,86634.00000000,86638.97000000,23.80635000,1764629819999,2064112.93401380,7603,8.28633000,718347.90373700,0
2025-12-01 22:57:00,86638.97000000,86648.07000000,86572.61000000,86572.65000000,14.26955000,1764629999999,1236058.81938200,4717,3.66153000,317144.06449890,0
2025-12-01 23:00:00,86572.65000000,86744.74000000,86569.79000000,86724.92000000,29.41966000,1764630179999,2549898.61191440,9227,15.20179000,1317404.82112070,0
2025-12-01 23:03:00,86724.92000000,86750.00000000,86664.24000000,86664.24000000,35.13156000,1764630359999,3046977.83361130,6505,7.24261000,628162.76232970,0
2025-12-01 23:06:00,86664.25000000,86664.25000000,86517.24000000,86533.52000000,39.45883000,1764630539999,3416208.85200560,11027,15.91535000,1377732.71865680,0
2025-12-01 23:09:00,86533.53000000,86564.92000000,86483.56000000,86543.82000000,24.24290000,1764630719999,2097446.98357420,6703,11.65896000,1008732.68456110,0
2025-12-01 23:12:00,86543.81000000,86552.18000000,86442.17000000,86449.94000000,10.39332000,1764630899999,898917.56265660,4624,3.66166000,316692.97060680,0
2025-12-01 23:15:00,86449.95000000,86560.00000000,86449.94000000,86550.10000000,13.02241000,1764631079999,1126564.26206390,7213,8.18272000,707843.04635900,0
2025-12-01 23:18:00,86550.10000000,86668.40000000,86550.10000000,86661.22000000,9.72540000,1764631259999,842476.09033800,6808,7.49858000,649525.48777680,0
2025-12-01 23:21:00,86661.22000000,86730.00000000,86661.22000000,86674.30000000,19.94589000,1764631439999,1729333.91362040,6906,9.74155000,844613.14660010,0
2025-12-01 23:24:00,86674.31000000,86722.01000000,86670.00000000,86692.01000000,18.17751000,1764631619999,1575992.54691430,6827,12.49833000,1083617.28489630,0
2025-12-01 23:27:00,86692.01000000,86742.72000000,86679.01000000,86742.71000000,24.21233000,1764631799999,2099511.72750810,8710,8.91924000,773386.17608540,0
2025-12-01 23:30:00,86742.71000000,86833.55000000,86742.71000000,86765.69000000,70.18838000,1764631979999,6092283.52220660,9611,44.58762000,3870292.15648160,0
2025-12-01 23:33:00,86765.69000000,86765.70000000,86587.44000000,86647.98000000,39.74714000,1764632159999,3444362.36804860,13867,12.66934000,1097607.65231120,0
2025-12-01 23:36:00,86647.99000000,86647.99000000,86538.50000000,86575.08000000,26.66245000,1764632339999,2308528.50213630,14206,6.89567000,596940.93176760,0
2025-12-01 23:39:00,86575.08000000,86614.02000000,86534.00000000,86534.00000000,28.08426000,1764632519999,2431903.97012720,10295,11.06299000,958019.19272840,0
2025-12-01 23:42:00,86534.00000000,86540.35000000,86472.75000000,86509.67000000,42.76810000,1764632699999,3700028.85564790,8023,25.89029000,2239777.23782190,0
2025-12-01 23:45:00,86509.66000000,86509.67000000,86413.40000000,86413.40000000,43.27114000,1764632879999,3741529.33709600,10687,17.92507000,1550058.17001870,0
2025-12-01 23:48:00,86413.41000000,86444.11000000,86364.90000000,86376.13000000,33.87288000,1764633059999,2926805.82806390,10856,5.98343000,516926.33388550,0
2025-12-01 23:51:00,86376.14000000,86397.76000000,86319.78000000,86319.78000000,33.21964000,1764633239999,2869045.62395950,9930,6.68090000,577010.12283800,0
2025-12-01 23:54:00,86319.78000000,86327.99000000,86249.80000000,86327.99000000,33.29478000,1764633419999,2873255.23000860,10972,12.21814000,1054357.01843370,0
2025-12-01 23:57:00,86328.00000000,86328.00000000,86286.00000000,86286.01000000,29.26877000,1764633599999,2526187.81578330,9385,6.35789000,548705.95335530,0
2025-12-02 00:00:00,86286.01000000,86366.65000000,86279.50000000,86292.01000000,40.50766000,1764633779999,3496426.20112530,14494,15.57873000,1344585.16811930,0
